{
  "classification": {
    "roc_auc": 0.8878794081527337,
    "pr_auc": 0.01673514786995103
  },
  "severity": {
    "rmse": 38442.83980059603,
    "mae": 15500.685199794627,
    "r2": 0.12470947934793619
  },
  "pricing": {
    "avg_expected_cost": 44.59082504319772,
    "avg_suggested_premium": 53.50899005183726
  }
}